{
	"threads": 4,
	"coin": "etsc",
	"name": "main",
	"pplns": 9000,
	"proxy": {
		"enabled": false,
		"listen": "0.0.0.0:8822",
		"limitHeadersSize": 1024,
		"limitBodySize": 256,
		"behindReverseProxy": false,
		"blockRefreshInterval": "120ms",
		"stateUpdateInterval": "3s",
		"difficulty": 2000000000,
		"hashrateExpiration": "3h",
		"healthCheck": true,
		"maxFails": 100,
		"stratum": {
			"enabled": false,
			"listen": "0.0.0.0:8002",
			"timeout": "120s",
			"maxConn": 8192
		},
		"policy": {
			"workers": 8,
			"resetInterval": "60m",
			"refreshInterval": "1m",
			"banning": {
				"enabled": false,
				"ipset": "blacklist",
				"timeout": 1800,
				"invalidPercent": 30,
				"checkThreshold": 30,
				"malformedLimit": 5
			},
			"limits": {
				"enabled": false,
				"limit": 30,
				"grace": "5m",
				"limitJump": 10
			}
		}
	},
	"api": {
		"enabled": false,
		"purgeOnly": false,
		"purgeInterval": "10m",
		"listen": "0.0.0.0:8080",
		"statsCollectInterval": "5s",
		"hashrateWindow": "30m",
		"hashrateLargeWindow": "3h",
		"luckWindow": [64, 128, 256],
		"payments": 30,
		"blocks": 50
	},
	"upstreamCheckInterval": "5s",
	"upstream":[
		{
			"name": "main",
			"url": "http://127.0.0.1:8545",
			"timeout": "10s"
		}
	],
	"redis": {
		"endpoint": "127.0.0.1:6379",
		"poolSize": 10,
		"database": 0,
		"password": ""
	},
	"unlocker": {
		"enabled": true,
		"poolFee": 1.0,
		"poolFeeAddress": "",
		"donate": false,
		"depth": 32,
		"immatureDepth": 20,
		"keepTxFees": true,
		"interval": "10m",
		"daemon": "http://127.0.0.1:8545",
		"timeout": "10s"
	},
	"payouts": {
		"enabled": true,
		"requirePeers": 10,
		"interval": "15m",
		"daemon": "http://127.0.0.1:8545",
		"timeout": "10s",
		"address": "0x0000000000000000000000000000000000000000",
		"gas": "31000",
		"gasPrice": "50000000000",
		"autoGas": true,
		"threshold": 10000000,
		"bgsave": true,
		"concurrentTx": 10
	},
	"newrelicEnabled": false,
	"newrelicName": "MyEtherProxy",
	"newrelicKey": "",
	"newrelicVerbose": false
}
